{
  "results": [
    {
      "command": "./rust-xsv.sh",
      "mean": 0.30814410802000003,
      "stddev": 0.031646974454055635,
      "median": 0.31009870882,
      "user": 0.27766676,
      "system": 0.03229358,
      "min": 0.26631806082000004,
      "max": 0.36931119782000005,
      "times": [
        0.33869696382000003,
        0.31295358182000005,
        0.36931119782000005,
        0.31693566982000004,
        0.31564882682000006,
        0.26631806082000004,
        0.26761451082000004,
        0.28009115982000005,
        0.30662727282,
        0.30724383582000003
      ],
      "exit_codes": [
        0,
        0,
        0,
        0,
        0,
        0,
        0,
        0,
        0,
        0
      ]
    },
    {
      "command": "./sqlite-xsv.sh",
      "mean": 0.33391949142000005,
      "stddev": 0.035224588679824365,
      "median": 0.31938737582000004,
      "user": 0.3043021599999999,
      "system": 0.029470280000000005,
      "min": 0.30391337582000005,
      "max": 0.39806559382000006,
      "times": [
        0.39806559382000006,
        0.39632302282000004,
        0.31216061482,
        0.31201529782000004,
        0.34385801382000003,
        0.32595893082000005,
        0.31416420182000004,
        0.30391337582000005,
        0.30812531282000005,
        0.32461054982000004
      ],
      "exit_codes": [
        0,
        0,
        0,
        0,
        0,
        0,
        0,
        0,
        0,
        0
      ]
    },
    {
      "command": "./sqlite-xsv-reader.sh",
      "mean": 0.3301666414200001,
      "stddev": 0.03781998470894245,
      "median": 0.31318701032000007,
      "user": 0.30480116,
      "system": 0.02539748,
      "min": 0.30427822882000005,
      "max": 0.42703631782000007,
      "times": [
        0.34018787582000004,
        0.34370467682000005,
        0.30427822882000005,
        0.30590152182,
        0.30647390182000006,
        0.31322185082000004,
        0.31315216982000005,
        0.42703631782000007,
        0.34294784182000004,
        0.30476202882000003
      ],
      "exit_codes": [
        0,
        0,
        0,
        0,
        0,
        0,
        0,
        0,
        0,
        0
      ]
    },
    {
      "command": "./datafusion.sh",
      "mean": 0.60633395642,
      "stddev": 0.04472947342570773,
      "median": 0.61347906782,
      "user": 0.5053590600000001,
      "system": 0.13133738,
      "min": 0.52144382182,
      "max": 0.68668371582,
      "times": [
        0.52144382182,
        0.55289134282,
        0.61561291482,
        0.61134522082,
        0.60945917482,
        0.68668371582,
        0.61625895282,
        0.63143021282,
        0.62676090282,
        0.59145330482
      ],
      "exit_codes": [
        0,
        0,
        0,
        0,
        0,
        0,
        0,
        0,
        0,
        0
      ]
    },
    {
      "command": "./clickhouse.sh",
      "mean": 0.5236980705200001,
      "stddev": 0.031465195059026826,
      "median": 0.52608672782,
      "user": 1.1772024599999997,
      "system": 0.12534548,
      "min": 0.4740165538200001,
      "max": 0.58349801782,
      "times": [
        0.58349801782,
        0.50772913982,
        0.4740165538200001,
        0.48827038482000007,
        0.52995200982,
        0.52222144582,
        0.53761349882,
        0.54182284882,
        0.50614552682,
        0.54571127882
      ],
      "exit_codes": [
        0,
        0,
        0,
        0,
        0,
        0,
        0,
        0,
        0,
        0
      ]
    },
    {
      "command": "./duckdb.sh",
      "mean": 1.0209519011200001,
      "stddev": 0.11184768973385602,
      "median": 1.01086325582,
      "user": 1.19369206,
      "system": 0.04101948,
      "min": 0.87123272682,
      "max": 1.2137092948200001,
      "times": [
        0.95919835082,
        0.9502482518200001,
        1.02565625582,
        0.87123272682,
        0.87493496982,
        0.99607025582,
        1.11120458482,
        1.2137092948200001,
        1.08904395582,
        1.11822036482
      ],
      "exit_codes": [
        0,
        0,
        0,
        0,
        0,
        0,
        0,
        0,
        0,
        0
      ]
    },
    {
      "command": "./duckdb_parallel.sh",
      "mean": 0.5900158392199999,
      "stddev": 0.03165617773851105,
      "median": 0.57523864482,
      "user": 1.82290076,
      "system": 0.07886668000000001,
      "min": 0.56340177982,
      "max": 0.65035774082,
      "times": [
        0.61864120082,
        0.62869045082,
        0.65035774082,
        0.56340177982,
        0.56951953782,
        0.56356796382,
        0.56526433682,
        0.56694360482,
        0.58095775182,
        0.59281402482
      ],
      "exit_codes": [
        0,
        0,
        0,
        0,
        0,
        0,
        0,
        0,
        0,
        0
      ]
    },
    {
      "command": "./sqlite-csv.sh",
      "mean": 0.52165993052,
      "stddev": 0.03095022769392504,
      "median": 0.5200920608199999,
      "user": 0.48590826,
      "system": 0.03427438000000001,
      "min": 0.47445033182000007,
      "max": 0.56666755282,
      "times": [
        0.51575393982,
        0.56666755282,
        0.52443018182,
        0.53806037582,
        0.56332131282,
        0.48891620182000006,
        0.49318057782,
        0.51176241682,
        0.47445033182000007,
        0.54005641382
      ],
      "exit_codes": [
        0,
        0,
        0,
        0,
        0,
        0,
        0,
        0,
        0,
        0
      ]
    },
    {
      "command": "./sqlite-vsv.sh",
      "mean": 0.6480983585200001,
      "stddev": 0.05002591926022276,
      "median": 0.62699330132,
      "user": 0.6066126599999999,
      "system": 0.03830788,
      "min": 0.60458395482,
      "max": 0.75693274682,
      "times": [
        0.75693274682,
        0.72146717182,
        0.61682354682,
        0.62143382082,
        0.62838321182,
        0.63648109482,
        0.62197356682,
        0.64730107982,
        0.62560339082,
        0.60458395482
      ],
      "exit_codes": [
        0,
        0,
        0,
        0,
        0,
        0,
        0,
        0,
        0,
        0
      ]
    },
    {
      "command": "./polars-py.sh",
      "mean": 0.40791918722,
      "stddev": 0.019583727459172015,
      "median": 0.40094732732000005,
      "user": 0.61821966,
      "system": 0.32810538,
      "min": 0.38550566082000004,
      "max": 0.44376312882,
      "times": [
        0.39718461882000006,
        0.44376312882,
        0.40214320682000004,
        0.39964467382,
        0.40881540982000003,
        0.39267646382000004,
        0.39975144782000005,
        0.38550566082000004,
        0.44179588682000004,
        0.40791137482000006
      ],
      "exit_codes": [
        0,
        0,
        0,
        0,
        0,
        0,
        0,
        0,
        0,
        0
      ]
    },
    {
      "command": "./octosql.sh",
      "mean": 1.0703591034200002,
      "stddev": 0.11788313994602229,
      "median": 1.10547177832,
      "user": 1.00645586,
      "system": 0.11396848000000001,
      "min": 0.86968451082,
      "max": 1.18769356282,
      "times": [
        0.86968451082,
        0.87948049482,
        0.99030044982,
        1.11185991082,
        1.18769356282,
        1.0990836458200002,
        1.0874150178200002,
        1.18442219882,
        1.16475947782,
        1.12889176482
      ],
      "exit_codes": [
        0,
        0,
        0,
        0,
        0,
        0,
        0,
        0,
        0,
        0
      ]
    },
    {
      "command": "./sqlite-cli-import.sh",
      "mean": 4.795742969519999,
      "stddev": 0.3394580915716716,
      "median": 4.86401357682,
      "user": 4.60317296,
      "system": 0.19221758000000003,
      "min": 4.33293184482,
      "max": 5.18817246482,