{
  "results": [
    {
      "command": "./rust-xsv.sh",
      "mean": 0.33702166476000006,
      "stddev": 0.021628273036634997,
      "median": 0.33818859016,
      "user": 0.30015136000000003,
      "system": 0.03747821999999999,
      "min": 0.30340903216000004,
      "max": 0.36589606016000004,
      "times": [
        0.31445485316000005,
        0.33888564616000005,
        0.34791200516000004,
        0.35618037916,
        0.36405162916000006,
        0.30340903216000004,
        0.32001568716,
        0.33749153416000005,
        0.36589606016000004,
        0.32191982116
      ],
      "exit_codes": [
        0,
        0,
        0,
        0,
        0,
        0,
        0,
        0,
        0,
        0
      ]
    },
    {
      "command": "./sqlite-xsv.sh",
      "mean": 0.37941329036000004,
      "stddev": 0.051118942926908995,
      "median": 0.35512359716,
      "user": 0.34806336000000004,
      "system": 0.031980119999999994,
      "min": 0.33052389816000005,
      "max": 0.46010444216,
      "times": [
        0.33429819916000003,
        0.33845216616,
        0.35672001016000005,
        0.33052389816000005,
        0.34279496116,
        0.35352718416,
        0.44643423516,
        0.44075386416000006,
        0.46010444216,
        0.39052394316000005
      ],
      "exit_codes": [
        0,
        0,
        0,
        0,
        0,
        0,
        0,
        0,
        0,
        0
      ]
    },
    {
      "command": "./sqlite-xsv-reader.sh",
      "mean": 0.38102192716000005,
      "stddev": 0.03905993107076314,
      "median": 0.38886015666000007,
      "user": 0.35373886,
      "system": 0.026555019999999995,
      "min": 0.32268247916000004,
      "max": 0.42297234816,
      "times": [
        0.41426451616000004,
        0.41717153016,
        0.42297234816,
        0.35519315016,
        0.40158901516000006,
        0.34983429216,
        0.37613129816,
        0.41991826816000005,
        0.32268247916000004,
        0.33046237416
      ],
      "exit_codes": [
        0,
        0,
        0,
        0,
        0,
        0,
        0,
        0,
        0,
        0
      ]
    },
    {
      "command": "./datafusion.sh",
      "mean": 0.6436700690599999,
      "stddev": 0.08917027118568303,
      "median": 0.64374854716,
      "user": 0.53786686,
      "system": 0.13607772,
      "min": 0.5019666431600001,
      "max": 0.8271645941600001,
      "times": [
        0.62239258216,
        0.8271645941600001,
        0.7215830241600001,
        0.64377484616,
        0.66174665016,
        0.5669452741600001,
        0.5774536921600001,
        0.64372224816,
        0.5019666431600001,
        0.66995113616
      ],
      "exit_codes": [
        0,
        0,
        0,
        0,
        0,
        0,
        0,
        0,
        0,
        0
      ]
    },
    {
      "command": "./duckdb.sh",
      "mean": 1.04549838006,
      "stddev": 0.10942047330266672,
      "median": 1.03771695466,
      "user": 1.6302125599999997,
      "system": 0.03908362,
      "min": 0.8673738171600001,
      "max": 1.17899962816,
      "times": [
        0.8673738171600001,
        0.9076653991600001,
        0.9772958651600001,
        1.05835653516,
        1.17899962816,
        1.15273879116,
        1.13037868016,
        1.16043136516,
        1.01707737416,
        1.00466634516
      ],
      "exit_codes": [
        0,
        0,
        0,
        0,
        0,
        0,
        0,
        0,
        0,
        0
      ]
    },
    {
      "command": "./duckdb_parallel.sh",
      "mean": 0.58099498616,
      "stddev": 0.028848623406215173,
      "median": 0.57199577216,
      "user": 1.78316196,
      "system": 0.07665562,
      "min": 0.55356636416,
      "max": 0.65330473416,
      "times": [
        0.55356636416,
        0.5905581251600001,
        0.56174907716,
        0.57120361316,
        0.59469171416,
        0.55713950716,
        0.58463679916,
        0.5703119961600001,
        0.65330473416,
        0.57278793116
      ],
      "exit_codes": [
        0,
        0,
        0,
        0,
        0,
        0,
        0,
        0,
        0,
        0
      ]
    },
    {
      "command": "./sqlite-csv.sh",
      "mean": 0.59548202626,
      "stddev": 0.025017031962937832,
      "median": 0.59141304816,
      "user": 0.54421646,
      "system": 0.050013019999999984,
      "min": 0.56232332216,
      "max": 0.64869373716,
      "times": [
        0.58340950916,
        0.6059826101600001,
        0.64869373716,
        0.5684067781600001,
        0.60711263216,
        0.58855086516,
        0.56232332216,
        0.59427523116,
        0.61407683816,
        0.58198873916
      ],
      "exit_codes": [
        0,
        0,
        0,
        0,
        0,
        0,
        0,
        0,
        0,
        0
      ]
    },
    {
      "command": "./octosql.sh",
      "mean": 0.95593504076,
      "stddev": 0.1402100263598102,
      "median": 0.8951822926600002,
      "user": 0.8947532599999999,
      "system": 0.09118472,
      "min": 0.8355414911600001,
      "max": 1.27677061816,
      "times": [
        0.9035865071600001,
        0.8867780781600001,
        0.9501359211600001,
        0.8395394781600001,
        0.8751901081600001,
        0.8745013781600001,
        0.8355414911600001,
        1.01314701916,
        1.27677061816,
        1.10415980816
      ],
      "exit_codes": [
        0,
        0,
        0,
        0,
        0,
        0,
        0,
        0,
        0,
        0
      ]
    },
    {
      "command": "./sqlite-cli-import.sh",
      "mean": 4.628267611459999,
      "stddev": 0.3608399435276011,
      "median": 4.56914436016,
      "user": 4.44602916,
      "system": 0.18102471999999997,
      "min": 4.20625947916,
      "max": 5.22024867016,
      "times": [
        4.90428382616,
        4.50782316416,
        4.24692181116,
        4.40935620716,
        5.06486408716,
        4.82479025616,
        4.63046555616,
        4.20625947916,
        4.26766305716,
        5.22024867016
      ],
      "exit_codes": [
        0,
        0,
        0,
        0,
        0,
        0,
        0,
        0,
        0,
        0
      ]
    },
    {
      "command": "./dsq.sh",
      "mean": 82.78466762436001,
      "stddev": 1.7769893515728656,
      "median": 81.99072295116,
      "user": 14.03465316,
      "system": 8.95872262,
      "min": 80.88361558215999,
      "max": 85.70917307415999,
      "times": [
        85.70917307415999,
        80.98682395716,
        81.94789241516,
        81.40344793316,
        85.21915697316,
        82.03355348715999,
        81.81382824516,
        80.88361558215999,
        83.48870781116,
        84.36047676516
      ],
      "exit_codes": [
        0,
        0,
        0,
        0,
        0,
        0,
        0,
        0,
        0,
        0
      ]
    },
    {
      "command": "./pandas.sh",
      "mean": 2.09224127826,
      "stddev": 0.17462811516507257,
      "median": 2.09567635816,
      "user": 1.8444006599999998,
      "system": 0.64812452,
      "min": 1.84805542016,
      "max": 2.31700744716,
      "times": [
        2.3134883031599998,
        2.31700744716,
        2.14203239216,
        1.99975780916,
        2.04932032416,
        2.14922180716,
        1.84805542016,
        2.26586124416,
        1.98573922216,
        1.85192881316
      ],
      "exit_codes": [
        0,
        0,
        0,
        0,
        0,
        0,
        0,
        0,
        0,
        0
      ]
    },
    {
      "command": "./sqlite-utils.sh",
      "mean": 101.53211829335999,
      "stddev": 1.190090732617724,
      "median": 101.51196208316,
      "user": 100.74517996,
      "system": 1.1716372199999998,
      "min": 99.75828940615999,
      "max": 103.38031975816,