{
  "results": [
    {
      "command": "./rust-xsv.sh",
      "mean": 0.18333334317833339,
      "stddev": 0.003967702955083521,
      "median": 0.183516954845,
      "user": 0.16027474999999997,
      "system": 0.020818671666666667,
      "min": 0.17635079384500002,
      "max": 0.189695560845,
      "times": [
        0.189633579845,
        0.186212098845,
        0.183516954845,
        0.189695560845,
        0.18442801284500002,
        0.18338234684500002,
        0.185577417845,
        0.187267432845,
        0.184140317845,
        0.180583012845,
        0.17635079384500002,
        0.179400242845,
        0.179507433845,
        0.181351986845,
        0.178952954845
      ]
    },
    {
      "command": "./xsv.sh",
      "mean": 0.2004297551307143,
      "stddev": 0.002475516253673577,
      "median": 0.20082096934500002,
      "user": 0.1805169785714286,
      "system": 0.01720703357142857,
      "min": 0.195839156845,
      "max": 0.204360160845,
      "times": [
        0.203520976845,
        0.19829209484500002,
        0.20166844284500002,
        0.20213823284500002,
        0.20055896284500002,
        0.195839156845,
        0.202010174845,
        0.19622601584500002,
        0.20143404884500002,
        0.198847591845,
        0.20024705284500002,
        0.201082975845,
        0.199790683845,
        0.204360160845
      ]
    },
    {
      "command": "./xsv_reader.sh",
      "mean": 0.20649121698785713,
      "stddev": 0.0021811912553253293,
      "median": 0.206998891845,
      "user": 0.18204819285714285,
      "system": 0.02117117642857143,
      "min": 0.202469940845,
      "max": 0.21025699384500002,
      "times": [
        0.208264014845,
        0.208759858845,
        0.205944999845,
        0.207293568845,
        0.21025699384500002,
        0.207265292845,
        0.207691038845,
        0.207897635845,
        0.206732490845,
        0.20442894584500002,
        0.202469940845,
        0.203315026845,
        0.204604676845,
        0.205952552845
      ]
    },
    {
      "command": "./datafusion.sh",
      "mean": 0.291320916445,
      "stddev": 0.002657489847354632,
      "median": 0.291333493845,
      "user": 0.23205815,
      "system": 0.062400805000000004,
      "min": 0.288168345845,
      "max": 0.295446953845,
      "times": [
        0.292788713845,
        0.294321414845,
        0.288907315845,
        0.295446953845,
        0.288168345845,
        0.29361092584500004,
        0.291550086845,
        0.288667210845,
        0.291116900845,
        0.288631295845
      ]
    },
    {
      "command": "./duck.sh",
      "mean": 0.5296702197450001,
      "stddev": 0.013173741315320389,
      "median": 0.5248407808450001,
      "user": 0.53975335,
      "system": 0.026239605,
      "min": 0.5177753158450001,
      "max": 0.5614608808450001,
      "times": [
        0.5392894388450001,
        0.532005211845,
        0.533896905845,
        0.5614608808450001,
        0.5177753158450001,
        0.5237203898450001,
        0.5202546368450001,
        0.5186178558450001,
        0.524102388845,
        0.5255791728450001
      ]
    },
    {
      "command": "./duck_parallel.sh",
      "mean": 0.6515958239449999,
      "stddev": 0.05218105509771007,
      "median": 0.634301670845,
      "user": 1.40742145,
      "system": 0.114706605,
      "min": 0.5890071968450001,
      "max": 0.722528627845,
      "times": [
        0.7131599418450001,
        0.696179397845,
        0.6027166258450001,
        0.7039821678450001,
        0.5890071968450001,
        0.6126620648450001,
        0.607118874845,
        0.617667204845,
        0.722528627845,
        0.6509361368450001
      ]
    },
    {
      "command": "./csv.sh",
      "mean": 0.6013527624450001,
      "stddev": 0.028761737870035338,
      "median": 0.5929217873450001,
      "user": 0.54258845,
      "system": 0.043214005,
      "min": 0.5861167368450001,
      "max": 0.6826900578450001,
      "times": [
        0.597402927845,
        0.6826900578450001,
        0.5861167368450001,
        0.588973981845,
        0.5904185988450001,
        0.5925758768450001,
        0.5936367498450001,
        0.5958691198450001,
        0.5930815728450001,
        0.592762001845
      ]
    }
  ]
}
