{
  "results": [
    {
      "command": "./rust-xsv.sh",
      "mean": 0.18147785854250004,
      "stddev": 0.009848773133136984,
      "median": 0.17855264848000002,
      "user": 0.15999161999999997,
      "system": 0.0169365925,
      "min": 0.17701209098,
      "max": 0.21744287598,
      "times": [
        0.18135947998000002,
        0.18652525198000003,
        0.21744287598,
        0.17852276798000002,
        0.17858252898000002,
        0.17905269798,
        0.17834581498000002,
        0.17836560798,
        0.17701209098,
        0.17933050498000003,
        0.17774494398000001,
        0.17791399698000002,
        0.17953982698,
        0.17761886798,
        0.17729399298,
        0.17899448598
      ]
    },
    {
      "command": "./sqlite-xsv.sh",
      "mean": 0.20221537712285717,
      "stddev": 0.0037215536591498942,
      "median": 0.20117045948,
      "user": 0.1826976021428571,
      "system": 0.01686217285714286,
      "min": 0.19961458698,
      "max": 0.21466043798,
      "times": [
        0.20161637498,
        0.20083163598,
        0.20239375298,
        0.20081017398,
        0.21466043798,
        0.20026068098000002,
        0.20248580098000002,
        0.19961458698,
        0.20339650098,
        0.20006748098000002,
        0.20098742898000002,
        0.20096893898,
        0.20135348998000002,
        0.20156799498000003
      ]
    },
    {
      "command": "./sqlite-xsv-reader.sh",
      "mean": 0.2019065883371429,
      "stddev": 0.001349735407950226,
      "median": 0.20162195998000002,
      "user": 0.18225903071428573,
      "system": 0.016797244285714285,
      "min": 0.19953799798000002,
      "max": 0.20398214398000003,
      "times": [
        0.20367368398000002,
        0.20059544898,
        0.20339619398000003,
        0.20102777698000002,
        0.20398214398000003,
        0.20104331398000003,
        0.20130847798,
        0.20085804198,
        0.20272779398000002,
        0.20193544198000002,
        0.20083787498000003,
        0.20291203998000001,
        0.20285600598000003,
        0.19953799798000002
      ]
    },
    {
      "command": "./datafusion.sh",
      "mean": 0.29574352318,
      "stddev": 0.012948127303976405,
      "median": 0.28861678698000004,
      "user": 0.229257145,
      "system": 0.06315623,
      "min": 0.28325679198000003,
      "max": 0.32052670798000005,
      "times": [
        0.28636720198000004,
        0.28757197298000003,
        0.28493346498000005,
        0.28690111798,
        0.28325679198000003,
        0.32052670798000005,
        0.30171231198000004,
        0.30957196498,
        0.30693209598000004,
        0.28966160098000004
      ]
    },
    {
      "command": "./duckdb.sh",
      "mean": 0.5407077502800001,
      "stddev": 0.032366337240863595,
      "median": 0.53109165198,
      "user": 0.4993335450000001,
      "system": 0.024454829999999997,
      "min": 0.52382085398,
      "max": 0.63132648498,
      "times": [
        0.5272220819800001,
        0.5350930699800001,
        0.53233135298,
        0.5325435929800001,
        0.52985195098,
        0.52722479698,
        0.63132648498,
        0.52382085398,
        0.5434983719800001,
        0.5241649459800001
      ]
    },
    {
      "command": "./duckdb_parallel.sh",
      "mean": 0.30504010878,
      "stddev": 0.015773758869413727,
      "median": 0.29987993347999997,
      "user": 0.7123605449999999,
      "system": 0.057912929999999994,
      "min": 0.29283075298,
      "max": 0.34616082398000003,
      "times": [
        0.31531471498,
        0.34616082398000003,
        0.30095671898000004,
        0.30583038898000003,
        0.29497271198,
        0.29708957798,
        0.29748553098,
        0.30076469398,
        0.29283075298,
        0.29899517298
      ]
    },
    {
      "command": "./sqlite-csv.sh",
      "mean": 0.30422321798,
      "stddev": 0.001350079699690115,
      "median": 0.30436672498,
      "user": 0.279418945,
      "system": 0.02170433,
      "min": 0.30165655598,
      "max": 0.30656929798000004,
      "times": [
        0.30473624098,
        0.30470342798,
        0.30379905798,
        0.30393469298000003,
        0.30403002198,
        0.30507852598,
        0.30165655598,
        0.30656929798000004,
        0.30273833198,
        0.30498602598
      ]
    },
    {
      "command": "./octosql.sh",
      "mean": 0.5493073294799999,
      "stddev": 0.10450961758613769,
      "median": 0.51949653948,
      "user": 0.4815950449999999,
      "system": 0.04731803,
      "min": 0.50466568398,
      "max": 0.84617711898,
      "times": [
        0.5205174689800001,
        0.51969379598,
        0.51929928298,
        0.51837753498,
        0.5201730289800001,
        0.50466568398,
        0.50484225498,
        0.84617711898,
        0.52349660598,
        0.51583051898
      ]
    },
    {
      "command": "./sqlite-cli-import.sh",
      "mean": 4.10517220598,
      "stddev": 0.020166114012936408,
      "median": 4.10576728948,
      "user": 4.007618145,
      "system": 0.07141202999999999,
      "min": 4.07353752798,
      "max": 4.14061553398,
      "times": [
        4.10762484098,
        4.10905792798,
        4.09096905798,
        4.14061553398,
        4.11739874398,
        4.09274451598,
        4.07353752798,
        4.12866201598,
        4.1039097379800005,
        4.08720215698
      ]
    },
    {
      "command": "./dsq.sh",
      "mean": 17.358862429479995,
      "stddev": 0.210505353972544,
      "median": 17.372400683979997,
      "user": 6.418743045000001,
      "system": 8.114350830000001,
      "min": 17.10436474598,
      "max": 17.66647813098,
      "times": [
        17.172644862979997,
        17.14983196298,
        17.10436474598,
        17.530187097979997,
        17.55910918498,
        17.66647813098,
        17.525702853979997,
        17.13550408698,
        17.290232631979997,
        17.454568735979997
      ]
    },
    {
      "command": "./pandas.sh",
      "mean": 1.3688857802799999,
      "stddev": 0.007617047867620966,
      "median": 1.36644402598,
      "user": 1.6946140450000002,
      "system": 0.29285062999999995,
      "min": 1.35961625998,
      "max": 1.38160972298,
      "times": [
        1.36716978198,
        1.38160972298,
        1.36248850998,
        1.36571826998,
        1.3763360249799999,
        1.3752794519799998,
        1.37551658698,
        1.36279162998,
        1.36233156398,
        1.35961625998
      ]
    },
    {
      "command": "./sqlite-utils.sh",
      "mean": 56.33756473388,
      "stddev": 0.5813627868339918,
      "median": 56.14355485998,
      "user": 56.070941945,
      "system": 0.46492272999999995,
      "min": 55.73001530898,
      "max": 57.72916776898,
      "times": [
        57.72916776898,
        56.83754749698,
        56.063634172979995,
        56.038589842979995,
        55.916660831979996,
        56.50937955698,
        56.01948791798,
        56.30768889398,
        56.22347554698,
        55.73001530898
      ]
    }
  ]
}
