{
  "results": [
    {
      "command": "./sqlite-xsv.sh",
      "mean": 3.11615096276,
      "stddev": 0.30616147184200343,
      "median": 3.0953561499599997,
      "user": 2.9640017199999997,
      "system": 0.14948720000000001,
      "min": 2.7809197604600002,
      "max": 3.72894345546,
      "times": [
        3.29502827946,
        2.99054980346,
        2.9384983414600003,
        2.7809197604600002,
        2.82222063346,
        2.80431987746,
        3.20016249646,
        3.72894345546,
        3.20616227946,
        3.39470470046
      ],
      "exit_codes": [
        0,
        0,
        0,
        0,
        0,
        0,
        0,
        0,
        0,
        0
      ]
    },
    {
      "command": "./datafusion.sh",
      "mean": 1.5417565715600001,
      "stddev": 0.20263087888225073,
      "median": 1.5257851559600002,
      "user": 1.5852904200000002,
      "system": 0.2964363,
      "min": 1.2613739374600001,
      "max": 1.8478951084600002,
      "times": [
        1.6305138984600003,
        1.8478951084600002,
        1.76533251746,
        1.74796976946,
        1.5369329074600002,
        1.5146374044600002,
        1.4411118794600002,
        1.3600616464600002,
        1.31173664646,
        1.2613739374600001
      ],
      "exit_codes": [
        0,
        0,
        0,
        0,
        0,
        0,
        0,
        0,
        0,
        0
      ]
    },
    {
      "command": "./duck_parallel.sh",
      "mean": 2.4098106844599996,
      "stddev": 0.27889997797712196,
      "median": 2.27061857046,
      "user": 7.059918519999999,
      "system": 0.21086900000000003,
      "min": 2.1621639684600003,
      "max": 2.86183805846,
      "times": [
        2.20434274446,
        2.25452695446,
        2.85962509346,
        2.86183805846,
        2.67908055046,
        2.2477047094600002,
        2.35261301646,
        2.28671018646,
        2.1895015624600003,
        2.1621639684600003
      ],
      "exit_codes": [
        0,
        0,
        0,
        0,
        0,
        0,
        0,
        0,
        0,
        0
      ]
    },
    {
      "command": "./octosql.sh",
      "mean": 4.15895002326,
      "stddev": 0.3862980333289148,
      "median": 4.06358106996,
      "user": 4.19977542,
      "system": 0.1740595,
      "min": 3.6380222354600003,
      "max": 4.784554217459999,
      "times": [
        4.04454085246,
        3.7347759594600003,
        4.34951855646,
        4.784554217459999,
        4.082621287459999,
        3.9957062584600003,
        3.8956688384600002,
        3.6380222354600003,
        4.72015088546,
        4.343941141459999
      ],
      "exit_codes": [
        0,
        0,
        0,
        0,
        0,
        0,
        0,
        0,
        0,
        0
      ]
    }
  ]
}